<PlaneHTMLConfig>

  <Instrument>
    <Name>C300ADF</Name>
    <Electric>
        <Simvar name="CIRCUIT ON:20" unit="Boolean"/>
    </Electric>
  </Instrument>
  <Instrument>
    <Name>KX155A_1</Name>
    <Electric>
      <Simvar name="CIRCUIT ON:23" unit="Boolean"/>
    </Electric>
  </Instrument>
  <Instrument>
    <Name>KX155A_2</Name>
    <Electric>
      <Simvar name="CIRCUIT ON:25" unit="Boolean"/>
    </Electric>
  </Instrument>
  <Instrument>
    <Name>JPLDME</Name>
    <Electric>
      <Simvar name="CIRCUIT ON:36" unit="Boolean"/>
    </Electric>
  </Instrument>
    <Instrument>
    <Name>HourMeter</Name>
    <Electric>
      <Simvar name="CIRCUIT ON:2" unit="Boolean"/>
    </Electric>
  </Instrument>
  <Instrument>
    <Name>EFB</Name>
    <Electric>
      <Simvar name="CIRCUIT ON:36" unit="Boolean"/>
    </Electric>
  </Instrument>
  <Instrument>
    <!--ADF-->
    <Name>KR87</Name>
    <Electric>
      <Simvar name="CIRCUIT ON:37" unit="Boolean"/>
    </Electric>
  </Instrument>
  <Instrument>
    <!--AP-->
    <Name>KAP140</Name>
    <Electric>
      <Simvar name="CIRCUIT ON:32" unit="Boolean"/>
    </Electric>
  </Instrument>
</PlaneHTMLConfig>

