{
  "content": [
    {
      "path": "de-DE.locPak",
      "size": 2001,
      "date": 132484624073951034
    },
    {
      "path": "en-US.locPak",
      "size": 1570,
      "date": 132484624074060742
    },
    {
      "path": "es-ES.locPak",
      "size": 1690,
      "date": 132484624074180418
    },
    {
      "path": "fr-FR.locPak",
      "size": 1752,
      "date": 132484624074300098
    },
    {
      "path": "it-IT.locPak",
      "size": 1790,
      "date": 132484624074419768
    },
    {
      "path": "pl-PL.locPak",
      "size": 1686,
      "date": 132484624074768836
    },
    {
      "path": "pt-BR.locPak",
      "size": 1736,
      "date": 132484624074878800
    },
    {
      "path": "ru-RU.locPak",
      "size": 2751,
      "date": 132484624074998220
    },
    {
      "path": "effects/LIGHT_C152_BeaconTop.fx",
      "size": 1220,
      "date": 132461014955905188
    },
    {
      "path": "effects/LIGHT_C152_Landing.fx",
      "size": 1159,
      "date": 132462645868252134
    },
    {
      "path": "effects/LIGHT_C152_NavigationGreen.fx",
      "size": 1158,
      "date": 132461014955965030
    },
    {
      "path": "effects/LIGHT_C152_NavigationRed.fx",
      "size": 1155,
      "date": 132461014955994946
    },
    {
      "path": "effects/LIGHT_C152_NavigationWhite.fx",
      "size": 1353,
      "date": 132461769230083964
    },
    {
      "path": "effects/LIGHT_C152_StrobeSimple.fx",
      "size": 4445,
      "date": 132463431355631292
    },
    {
      "path": "effects/LIGHT_C152_Taxi.fx",
      "size": 1206,
      "date": 132462645868302000
    },
    {
      "path": "effects/LIGHT_C152_vLanding.fx",
      "size": 1158,
      "date": 132481296907647674
    },
    {
      "path": "effects/LIGHT_C152_vTaxi.fx",
      "size": 1206,
      "date": 132481296691956530
    },
    {
      "path": "effects/texture/FX_ulm01.PNG.dds",
      "size": 87556,
      "date": 132456699569509612
    },
    {
      "path": "effects/texture/fx_ulm01.png.DDS.FLAGS",
      "size": 21,
      "date": 132447569545285976
    },
    {
      "path": "effects/texture/FX_ulm01.PNG.DDS.json",
      "size": 144,
      "date": 132447569545285976
    },
    {
      "path": "effects/texture/FX_ulm02.PNG.dds",
      "size": 87556,
      "date": 132455783006451888
    },
    {
      "path": "effects/texture/fx_ulm02.png.DDS.FLAGS",
      "size": 21,
      "date": 132447569545285976
    },
    {
      "path": "effects/texture/FX_ulm02.PNG.DDS.json",
      "size": 144,
      "date": 132447569545285976
    },
    {
      "path": "effects/texture/FX_ulm03.PNG.dds",
      "size": 87556,
      "date": 132461719108903892
    },
    {
      "path": "effects/texture/fx_ulm03.png.DDS.FLAGS",
      "size": 21,
      "date": 132447569545285976
    },
    {
      "path": "effects/texture/FX_ulm03.PNG.DDS.json",
      "size": 144,
      "date": 132447569545285976
    },
    {
      "path": "effects/texture/FX_ulm04.PNG.DDS",
      "size": 87556,
      "date": 132458776466613442
    },
    {
      "path": "effects/texture/fx_ulm04.png.DDS.FLAGS",
      "size": 21,
      "date": 132447569545285976
    },
    {
      "path": "effects/texture/FX_ulm04.PNG.DDS.json",
      "size": 144,
      "date": 132447569545285976
    },
    {
      "path": "SimObjects/Airplanes/Asobo_C152/aircraft.cfg",
      "size": 3065,
      "date": 132481471931104990
    },
    {
      "path": "SimObjects/Airplanes/Asobo_C152/Approach.flt",
      "size": 3930,
      "date": 132482838979135194
    },
    {
      "path": "SimObjects/Airplanes/Asobo_C152/apron.flt",
      "size": 3990,
      "date": 132482838227332234
    },
    {
      "path": "SimObjects/Airplanes/Asobo_C152/Climb.flt",
      "size": 3933,
      "date": 132482838979145176
    },
    {
      "path": "SimObjects/Airplanes/Asobo_C152/cockpit.cfg",
      "size": 5891,
      "date": 132481471931044890
    },
    {
      "path": "SimObjects/Airplanes/Asobo_C152/Cruise.flt",
      "size": 3930,
      "date": 132482838979145176
    },
    {
      "path": "SimObjects/Airplanes/Asobo_C152/engines.cfg",
      "size": 9544,
      "date": 132481471930915498
    },
    {
      "path": "SimObjects/Airplanes/Asobo_C152/Final.flt",
      "size": 3928,
      "date": 132482838979155158
    },
    {
      "path": "SimObjects/Airplanes/Asobo_C152/flight_model.cfg",
      "size": 19186,
      "date": 132481775099942098
    },
    {
      "path": "SimObjects/Airplanes/Asobo_C152/hangar.flt",
      "size": 3832,
      "date": 132482838450067892
    },
    {
      "path": "SimObjects/Airplanes/Asobo_C152/runway.FLT",
      "size": 3897,
      "date": 132482838139686542
    },
    {
      "path": "SimObjects/Airplanes/Asobo_C152/systems.cfg",
      "size": 9693,
      "date": 132482817937498126
    },
    {
      "path": "SimObjects/Airplanes/Asobo_C152/target_performance.cfg",
      "size": 1639,
      "date": 132481471930366686
    },
    {
      "path": "SimObjects/Airplanes/Asobo_C152/taxi.flt",
      "size": 3897,
      "date": 132482838139676566
    },
    {
      "path": "SimObjects/Airplanes/Asobo_C152/Checklist/Cessna152_Checklist.xml",
      "size": 6815,
      "date": 132483218422694330
    },
    {
      "path": "SimObjects/Airplanes/Asobo_C152/Checklist/Library.xml",
      "size": 1232,
      "date": 132481471931234362
    },
    {
      "path": "SimObjects/Airplanes/Asobo_C152/model/Cessna152_interior.XML",
      "size": 24590,
      "date": 132484846274263918
    },
    {
      "path": "SimObjects/Airplanes/Asobo_C152/panel/PANEL.CFG",
      "size": 979,
      "date": 132481471930586114
    },
    {
      "path": "SimObjects/Airplanes/Asobo_C152/panel/panel.xml",
      "size": 318,
      "date": 132481471930546202
    },
    {
      "path": "ModelBehaviorDefs/C152X/Asobo/Common.xml",
      "size": 36,
      "date": 132481471931733036
    },
    {
      "path": "ModelBehaviorDefs/C152X/Asobo/Common/Index.xml",
      "size": 63,
      "date": 132481471931703116
    },
    {
      "path": "ModelBehaviorDefs/C152X/Asobo/Common/Instrument.xml",
      "size": 1077,
      "date": 132484794288001542
    },
    {
      "path": "ModelBehaviorDefs/C152X/Asobo/Common/Subtemplates/Instrument_Subtemplates.xml",
      "size": 23164,
      "date": 132484624073601952
    },
    {
      "path": "ModelBehaviorDefs/C152X/Asobo/NAVCOM/ADF.xml",
      "size": 5044,
      "date": 132481471931503646
    },
    {
      "path": "ModelBehaviorDefs/C152X/Asobo/NAVCOM/NavComSystem.xml",
      "size": 18588,
      "date": 132484781151421218
    },
    {
      "path": "ModelBehaviorDefs/C152X/Asobo/Transponder/Transponder.xml",
      "size": 4406,
      "date": 132481471931334096
    }
  ]
}