{
  "content": [
    {
      "path": "de-DE.locPak",
      "size": 2001,
      "date": 132487231457555902
    },
    {
      "path": "en-US.locPak",
      "size": 1570,
      "date": 132487231457555902
    },
    {
      "path": "es-ES.locPak",
      "size": 1690,
      "date": 132487231457555902
    },
    {
      "path": "fr-FR.locPak",
      "size": 1752,
      "date": 132487231457565876
    },
    {
      "path": "it-IT.locPak",
      "size": 1790,
      "date": 132487231457565876
    },
    {
      "path": "pl-PL.locPak",
      "size": 1686,
      "date": 132487231457575848
    },
    {
      "path": "pt-BR.locPak",
      "size": 1736,
      "date": 132487231457585822
    },
    {
      "path": "ru-RU.locPak",
      "size": 2751,
      "date": 132487231457585822
    },
    {
      "path": "effects/LIGHT_C152_BeaconTop.fx",
      "size": 1220,
      "date": 132487231457130820
    },
    {
      "path": "effects/LIGHT_C152_Landing.fx",
      "size": 1231,
      "date": 132487231457130820
    },
    {
      "path": "effects/LIGHT_C152_NavigationGreen.fx",
      "size": 1230,
      "date": 132487231457140794
    },
    {
      "path": "effects/LIGHT_C152_NavigationRed.fx",
      "size": 1227,
      "date": 132487231457150766
    },
    {
      "path": "effects/LIGHT_C152_NavigationWhite.fx",
      "size": 1353,
      "date": 132487231457150766
    },
    {
      "path": "effects/LIGHT_C152_StrobeSimple.fx",
      "size": 4720,
      "date": 132487231457150766
    },
    {
      "path": "effects/LIGHT_C152_Taxi.fx",
      "size": 1281,
      "date": 132487231457160740
    },
    {
      "path": "effects/LIGHT_C152_vLanding.fx",
      "size": 1232,
      "date": 132487231457160740
    },
    {
      "path": "effects/LIGHT_C152_vTaxi.fx",
      "size": 1281,
      "date": 132487231457170712
    },
    {
      "path": "effects/texture/FX_ulm01.PNG.dds",
      "size": 87556,
      "date": 132487231457180688
    },
    {
      "path": "effects/texture/fx_ulm01.png.DDS.FLAGS",
      "size": 21,
      "date": 132487231457220582
    },
    {
      "path": "effects/texture/FX_ulm01.PNG.DDS.json",
      "size": 144,
      "date": 132487231457170712
    },
    {
      "path": "effects/texture/FX_ulm02.PNG.dds",
      "size": 87556,
      "date": 132487231457190674
    },
    {
      "path": "effects/texture/fx_ulm02.png.DDS.FLAGS",
      "size": 21,
      "date": 132487231457220582
    },
    {
      "path": "effects/texture/FX_ulm02.PNG.DDS.json",
      "size": 144,
      "date": 132487231457190674
    },
    {
      "path": "effects/texture/FX_ulm03.PNG.dds",
      "size": 87556,
      "date": 132487231457200634
    },
    {
      "path": "effects/texture/fx_ulm03.png.DDS.FLAGS",
      "size": 21,
      "date": 132487231457230554
    },
    {
      "path": "effects/texture/FX_ulm03.PNG.DDS.json",
      "size": 144,
      "date": 132487231457200634
    },
    {
      "path": "effects/texture/FX_ulm04.PNG.DDS",
      "size": 87556,
      "date": 132487231457210608
    },
    {
      "path": "effects/texture/fx_ulm04.png.DDS.FLAGS",
      "size": 21,
      "date": 132487231457230554
    },
    {
      "path": "effects/texture/FX_ulm04.PNG.DDS.json",
      "size": 144,
      "date": 132487231457210608
    },
    {
      "path": "SimObjects/Airplanes/Asobo_C152/aircraft.cfg",
      "size": 3065,
      "date": 132487231457486088
    },
    {
      "path": "SimObjects/Airplanes/Asobo_C152/Approach.flt",
      "size": 3930,
      "date": 132487231457290394
    },
    {
      "path": "SimObjects/Airplanes/Asobo_C152/apron.flt",
      "size": 3990,
      "date": 132489206099237040
    },
    {
      "path": "SimObjects/Airplanes/Asobo_C152/cameras.cfg",
      "size": 19006,
      "date": 132489205756116326
    },
    {
      "path": "SimObjects/Airplanes/Asobo_C152/Climb.flt",
      "size": 3933,
      "date": 132487231457300848
    },
    {
      "path": "SimObjects/Airplanes/Asobo_C152/cockpit.cfg",
      "size": 5891,
      "date": 132487231457496068
    },
    {
      "path": "SimObjects/Airplanes/Asobo_C152/Cruise.flt",
      "size": 3930,
      "date": 132487231457300848
    },
    {
      "path": "SimObjects/Airplanes/Asobo_C152/engines.cfg",
      "size": 9544,
      "date": 132487231457496068
    },
    {
      "path": "SimObjects/Airplanes/Asobo_C152/Final.flt",
      "size": 3928,
      "date": 132487231457478714
    },
    {
      "path": "SimObjects/Airplanes/Asobo_C152/flight_model.cfg",
      "size": 16838,
      "date": 132489164479545972
    },
    {
      "path": "SimObjects/Airplanes/Asobo_C152/hangar.flt",
      "size": 3832,
      "date": 132487231457506040
    },
    {
      "path": "SimObjects/Airplanes/Asobo_C152/runway.FLT",
      "size": 3897,
      "date": 132487231457525986
    },
    {
      "path": "SimObjects/Airplanes/Asobo_C152/systems.cfg",
      "size": 9693,
      "date": 132487231457535958
    },
    {
      "path": "SimObjects/Airplanes/Asobo_C152/target_performance.cfg",
      "size": 1639,
      "date": 132487231457535958
    },
    {
      "path": "SimObjects/Airplanes/Asobo_C152/taxi.flt",
      "size": 3897,
      "date": 132487231457545920
    },
    {
      "path": "SimObjects/Airplanes/Asobo_C152/model/C152.xml",
      "size": 3514,
      "date": 132497599345367250
    },
    {
      "path": "SimObjects/Airplanes/Asobo_C152/model/Cessna152_interior.XML",
      "size": 24592,
      "date": 132490092237768118
    },
    {
      "path": "SimObjects/Airplanes/Asobo_C152/panel/PANEL.CFG",
      "size": 979,
      "date": 132487231457516010
    },
    {
      "path": "SimObjects/Airplanes/Asobo_C152/panel/panel.xml",
      "size": 318,
      "date": 132487231457525986
    },
    {
      "path": "ModelBehaviorDefs/C152X/Asobo/Common.xml",
      "size": 36,
      "date": 132487231457240526
    },
    {
      "path": "ModelBehaviorDefs/C152X/Asobo/Common/Index.xml",
      "size": 63,
      "date": 132487231457250502
    },
    {
      "path": "ModelBehaviorDefs/C152X/Asobo/Common/Instrument.xml",
      "size": 1077,
      "date": 132487231457250502
    },
    {
      "path": "ModelBehaviorDefs/C152X/Asobo/Common/Subtemplates/Instrument_Subtemplates.xml",
      "size": 23164,
      "date": 132487231457260472
    },
    {
      "path": "ModelBehaviorDefs/C152X/Asobo/NAVCOM/ADF.xml",
      "size": 5044,
      "date": 132487231457260472
    },
    {
      "path": "ModelBehaviorDefs/C152X/Asobo/NAVCOM/NavComSystem.xml",
      "size": 18588,
      "date": 132487231457270450
    },
    {
      "path": "ModelBehaviorDefs/C152X/Asobo/Transponder/Transponder.xml",
      "size": 4406,
      "date": 132487231457280418
    }
  ]
}