<?xml version="1.0" encoding="Windows-1252"?>

<SimBase.Document Type="Checklist" version="1,0">
	<Checklist.Checklist>
		<IncludeCheckpointLibrary FileName="CheckpointsLibrary\\Asobo_DefaultCheckpointLibrary.xml"/>
		<IncludeCheckpointLibrary FileName="SimObjects\\Airplanes\\Asobo_C152\\Checklist\\Library.xml"/>

		<Step ChecklistStepId="PREFLIGHT_GATE">
			<!-- Before starting engine -->
			<Page SubjectTT="TT:GAME.CHECKLIST_BEFORE_STARTING_ENGINE">
				<Checkpoint>
					<CheckpointDesc SubjectTT="TT:GAME.CHECKLIST_PREFLIGHT_INSPECTION" ExpectationTT="TT:GAME.CHECKLIST_COMPLETE"/>
				</Checkpoint>
				<Checkpoint>
					<CheckpointDesc SubjectTT="TT:GAME.CHECKLIST_PASSENGER_BRIEFING" ExpectationTT="TT:GAME.CHECKLIST_COMPLETE"/>
				</Checkpoint>
				<Checkpoint>
					<CheckpointDesc SubjectTT="TT:GAME.CHECKLIST_SEATS_SEATBELTS" ExpectationTT="TT:GAME.CHECKLIST_ADJUSTED/FASTENED"/>
				</Checkpoint>
				<Checkpoint>
					<CheckpointDesc SubjectTT="TT:GAME.CHECKLIST_BRAKES" ExpectationTT="TT:GAME.CHECKLIST_TEST_SET"/>
				</Checkpoint>
				<Checkpoint>
					<CheckpointDesc SubjectTT="TT:GAME.CHECKLIST_AVIONICS" ExpectationTT="TT:GAME.CHECKLIST_OFF"/>
				</Checkpoint>
				<Checkpoint>
					<CheckpointDesc SubjectTT="TT:GAME.CHECKLIST_CIRCUIT_BREAKERS" ExpectationTT="TT:GAME.CHECKLIST_CHECK_IN"/>
				</Checkpoint>
				<Checkpoint>
					<CheckpointDesc SubjectTT="TT:GAME.CHECKLIST_FUEL_SHUTOFF_VALVE" ExpectationTT="TT:GAME.CHECKLIST_ON"/>
				</Checkpoint>
			</Page>
			<Page SubjectTT="TT:GAME.CHECKLIST_STARTING_ENGINE">
				<Checkpoint>
					<CheckpointDesc SubjectTT="TT:GAME.CHECKLIST_MIXTURE" ExpectationTT="TT:GAME.CHECKLIST_RICH"/>
				</Checkpoint>
				<Checkpoint>
					<CheckpointDesc SubjectTT="TT:GAME.CHECKLIST_CARBURETOR_HEAT" ExpectationTT="TT:GAME.CHECKLIST_COLD"/>
				</Checkpoint>
				<Checkpoint>
					<CheckpointDesc SubjectTT="TT:GAME.CHECKLIST_MASTER_SWITCH" ExpectationTT="TT:GAME.CHECKLIST_ON"/>
				</Checkpoint>
				<Checkpoint>
					<CheckpointDesc SubjectTT="TT:GAME.CHECKLIST_BEACON_STROBE" ExpectationTT="TT:GAME.CHECKLIST_ON"/>
				</Checkpoint>
				<Checkpoint>
					<CheckpointDesc SubjectTT="TT:GAME.CHECKLIST_KEY" ExpectationTT="TT:GAME.CHECKLIST_IN"/>
				</Checkpoint>
				<Checkpoint>
					<CheckpointDesc SubjectTT="TT:GAME.CHECKLIST_THROTTLE" ExpectationTT="TT:GAME.CHECKLIST_OPEN"/>
				</Checkpoint>
				<Checkpoint>
					<CheckpointDesc SubjectTT="TT:GAME.CHECKLIST_BRAKES" ExpectationTT="TT:GAME.CHECKLIST_ON/SET"/>
				</Checkpoint>
				<Checkpoint>
					<CheckpointDesc SubjectTT="TT:GAME.CHECKLIST_PRIME" ExpectationTT="TT:GAME.CHECKLIST_AS_REQUIRED"/>
				</Checkpoint>
				<Checkpoint>
					<CheckpointDesc SubjectTT="TT:GAME.CHECKLIST_PROPELLER_AREA" ExpectationTT="TT:GAME.CHECKLIST_CLEAR"/>
				</Checkpoint>
				<Checkpoint>
					<CheckpointDesc SubjectTT="TT:GAME.CHECKLIST_IGNITION_SWITCH" ExpectationTT="TT:GAME.CHECKLIST_START"/>
				</Checkpoint>
				<Checkpoint>
					<CheckpointDesc SubjectTT="TT:GAME.CHECKLIST_THROTTLE" ExpectationTT="TT:GAME.CHECKLIST_IDLE"/>
				</Checkpoint>
				<Checkpoint>
					<CheckpointDesc SubjectTT="TT:GAME.CHECKLIST_OIL_PRESSURE" ExpectationTT="TT:GAME.CHECKLIST_RISING"/>
				</Checkpoint>
				<Checkpoint>
					<CheckpointDesc SubjectTT="TT:GAME.CHECKLIST_AMMETER" ExpectationTT="TT:GAME.CHECKLIST_STARTER_DISENGAGED"/>
				</Checkpoint>
				<Checkpoint>
					<CheckpointDesc SubjectTT="TT:GAME.CHECKLIST_FLAPS" ExpectationTT="TT:GAME.CHECKLIST_UP"/>
				</Checkpoint>
				<Checkpoint>
					<CheckpointDesc SubjectTT="TT:GAME.CHECKLIST_RADIOS/AVIONICS" ExpectationTT="TT:GAME.CHECKLIST_ON_FREQ_SET"/>
				</Checkpoint>
				<Checkpoint>
					<CheckpointDesc SubjectTT="TT:GAME.CHECKLIST_TRANSPONDER" ExpectationTT="TT:GAME.CHECKLIST_STBY"/>
				</Checkpoint>
				<Checkpoint>
					<CheckpointDesc SubjectTT="TT:GAME.CHECKLIST_TAXI_RUN_UP"/>
				</Checkpoint>
				<Checkpoint>
					<CheckpointDesc SubjectTT="TT:GAME.CHECKLIST_BRAKES" ExpectationTT="TT:GAME.CHECKLIST_TEST"/>
				</Checkpoint>
			</Page>
			<Page SubjectTT="TT:GAME.CHECKLIST_RUN_UP_BEFORE_TAKEOFF">
				<Checkpoint>
					<CheckpointDesc SubjectTT="TT:GAME.CHECKLIST_CABIN_DOOR" ExpectationTT="TT:GAME.CHECKLIST_CLOSED_LATCHED"/>
				</Checkpoint>
				<Checkpoint>
					<CheckpointDesc SubjectTT="TT:GAME.CHECKLIST_FLIGHT_CONTROLS" ExpectationTT="TT:GAME.CHECKLIST_FREE_CORRECT"/>
				</Checkpoint>
				<Checkpoint>
					<CheckpointDesc SubjectTT="TT:GAME.CHECKLIST_ELEVATOR_TRIM" ExpectationTT="TT:GAME.CHECKLIST_TAKEOFF"/>
				</Checkpoint>
				<Checkpoint>
					<CheckpointDesc SubjectTT="TT:GAME.CHECKLIST_FLIGHT_INSTRUMENTS" ExpectationTT="TT:GAME.CHECKLIST_CHECK_SET"/>
				</Checkpoint>
				<Checkpoint>
					<CheckpointDesc SubjectTT="TT:GAME.CHECKLIST_BRAKES" ExpectationTT="TT:GAME.CHECKLIST_ON/SET"/>
				</Checkpoint>
				<Checkpoint>
					<CheckpointDesc SubjectTT="TT:GAME.CHECKLIST_THROTTLE" ExpectationTT="TT:GAME.CHECKLIST_1700_RPM"/>
				</Checkpoint>
				<Block SubjectTT="TT:GAME.CHECKLIST_TEST_MAGNETOS">
					<Checkpoint>
						<CheckpointDesc SubjectTT="TT:GAME.CHECKLIST_MAGNETOS" ExpectationTT="TT:GAME.CHECKLIST_CHECK_RIGHT_LEFT"/>
					</Checkpoint>
					<Checkpoint>
						<CheckpointDesc SubjectTT="TT:GAME.CHECKLIST_CARBURETOR" ExpectationTT="TT:GAME.CHECKLIST_TEST"/>
					</Checkpoint>
					<Checkpoint>
						<CheckpointDesc SubjectTT="TT:GAME.CHECKLIST_AMMETER" ExpectationTT="TT:GAME.CHECKLIST_CHARGING"/>
					</Checkpoint>
					<Checkpoint>
						<CheckpointDesc SubjectTT="TT:GAME.CHECKLIST_ENGINE_INSTRUMENTS" ExpectationTT="TT:GAME.CHECKLIST_TEMP_PRESSURE"/>
					</Checkpoint>
					<Checkpoint>
						<CheckpointDesc SubjectTT="TT:GAME.CHECKLIST_SUCTION_GAUGE" ExpectationTT="TT:GAME.CHECKLIST_CHECK"/>
					</Checkpoint>
				</Block>
				<Checkpoint>
					<CheckpointDesc SubjectTT="TT:GAME.CHECKLIST_THROTTLE" ExpectationTT="TT:GAME.CHECKLIST_IDLE"/>
				</Checkpoint>
				<Checkpoint>
					<CheckpointDesc SubjectTT="TT:GAME.CHECKLIST_THROTTLE_FRICTION" ExpectationTT="TT:GAME.CHECKLIST_ADJUST"/>
				</Checkpoint>
				<Checkpoint>
					<CheckpointDesc SubjectTT="TT:GAME.CHECKLIST_LIGHTS" ExpectationTT="TT:GAME.CHECKLIST_AS_REQUIRED"/>
				</Checkpoint>
				<Checkpoint>
					<CheckpointDesc SubjectTT="TT:GAME.CHECKLIST_RADIOS/AVIONICS" ExpectationTT="TT:GAME.CHECKLIST_SET"/>
				</Checkpoint>
				<Checkpoint>
					<CheckpointDesc SubjectTT="TT:GAME.CHECKLIST_TRANSPONDER" ExpectationTT="TT:GAME.CHECKLIST_ALTITUDE"/>
				</Checkpoint>
				<Checkpoint>
					<CheckpointDesc SubjectTT="TT:GAME.CHECKLIST_MIXTURE" ExpectationTT="TT:GAME.CHECKLIST_RICH"/>
				</Checkpoint>
			</Page>
		</Step>
	</Checklist.Checklist>
</SimBase.Document>
